compound_id,protein_id,molecular_weight,logp,h_bond_donors,h_bond_acceptors,rotatable_bonds,polar_surface_area,compound_clogp,protein_length,protein_pi,hydrophobicity,binding_site_size,mw_ratio,logp_pi_interaction,binding_affinity,active
CID_01860,PID_385,436.5691258529452,2.822075942132184,3,5,6,74.50960554627545,3.269353798697616,917,6.725937666391933,0.8311973894435428,13.98224411232215,0.4760841067098639,18.98110687660536,6.524979634792501,0
CID_00353,PID_154,434.0061470036573,1.4510664331991987,3,8,4,,3.196037864719956,661,6.3481353879688,0.6705543420539111,13.968501985074496,0.6565902375244437,9.2115661748855,5.2878993674828365,0
